image_name|category|google_desc|aws_desc|azure_desc
4c6ec7185d.jpg|animals|"Hay una persona con el cabello largo y rizado. Lleva una camisa blanca y unos pantalones vaqueros."|El león es un mamífero salvaje que pertenece a la familia de los félidos. Es una de las criaturas más grandes y poderosas|un león acostado
6b4b95f0c4.jpg|animals|La imagen muestra a una persona en una habitación. La persona está sentada en una silla y parece estar leyendo un libro.|El ratón es un mamífero pequeño y de pelaje suave. Tiene una cola larga y es muy ágil. Vive en zonas urbanas y campestres|Un bate con la cabeza de un ratón
6be2eb3fb3.jpg|animals|"In the image, there is a bird in flight with its wings outstretched. The bird is surrounded by a swarm of flies."|El animal en la imagen tiene un pico y es un pájaro. Puede ser un periquito o un loro.|una persona sosteniendo un lagarto verde
6e21804c31.jpg|animals|En la imagen se ve a una persona de pie en una habitación. La persona está de espaldas a la cámara y parece estar mirando por la ventana.|El animal en la imagen es un tigre, un mamífero terrestre. Puede verse que está en un ambiente natural, probablemente en una selva, y que est|un tigre caminando sobre una roca
72decb40db.jpg|animals|This image is of a bird.|Se ve un ave de color teal en un cuerpo de agua. Parece ser una anseriforme, una categoría de aves acuáticas que incluyen gansos|Un pato de pie sobre la hierba
7c43d5ca9e.jpg|animals|"La imagen muestra una flor que está fluyendo en el agua."|El animal en la imagen es un perro dorado de raza Golden Retriever. Los perros Golden Retriever son perros muy dóciles y cariñosos.|un perro corriendo a través de un campo de flores amarillas
7c99b5a89d.jpg|animals|"La imagen muestra a una pareja de pingüinos que parecen estar caminando en la nieve."|El animal en la imagen es un pinguino adulto macho.|un hombre arrodillado al lado de los pingüinos
7d42f0e881.jpg|animals|Hay una planta en una maceta en una mesa.|La imagen muestra a una vaca en un campo. La vaca es un animal de la familia de los rumiantes. Los rumiantes son un grupo de animales que incluyen a|un grupo de vacas con la boca abierta
7d8f058238.jpg|animals|El niño está comiendo una galleta mientras está sentado en la silla.|El león es un mamífero salvaje que vive en los campos.|un león en un campo
7e29f317b0.jpg|animals|El plano de la casa es muy grande y tiene una gran terraza.|La imagen muestra a una vaca en un campo. La vaca es un animal de la familia de los rumiantes que se cría como ganado para la obtención de car|Una vaca en un campo
81b58d7d07.jpg|animals|La imagen muestra a un gato sentado en una silla.|En la imagen se ve un gato pequeño jugando en un prado. El gato es un mamífero y los gatos son conocidos por ser muy curiosos.|un grupo de gatitos en la hierba
83e8a824a2.jpg|animals|El gato es negro y tiene una cola.|Este es un gato joven, probablemente un bebé. Los gatos son animales de sangre caliente, lo que significa que mantienen una temperatura corporal constante,|Un gato acostado en la hierba
8ef5c5ba7d.jpg|animals|In the image, there is a large, green plant with long, thin leaves. The plant is in a pot on a table. There is a window in the background.|El tigre es un mamífero del orden de los carnívoros. Tiene un cuerpo cubierto de pelaje amarillento con rayas negras, y es el|un tigre y un bebé tigre acostado en la hierba
99e296bf48.jpg|animals|En la imagen, hay una persona de pie sobre una superficie plana. La persona está rodeada por una gran cantidad de objetos redondos de diferentes colores|En la imagen se ve una animal, un mamífero, vida silvestre, una ardilla y un cerdo.|Un tejón en la hierba
9bd48a19a4.jpg|animals|El perro es un animal mamífero de la familia de los cánidos. Tiene un cuerpo robusto, una cola en forma de espiga y cuatro patas con g|El perro es un mamífero de la familia de los cánidos, que incluye al lobo. Los perros domésticos más comunes son los de raza, aun|un perro con collar
002_0232.jpeg|architecture|La imagen muestra un cielo azul con unas pocas nubes blancas.|En la imagen se ve una persona en primer plano frente a un temple de arquitectura griega clásica. El templo es el Partenón.|Un edificio de piedra con estatuas
006_0004.jpg|architecture|"La imagen muestra un paisaje de un océano con grandes olas y un fuerte viento."|"Basketball En la imagen, hay una persona que está haciendo un truco de basquet con una canasta de basquet y una pelota de basquet. La persona está en una ci"|un reloj en un poste
007_0005.jpg|architecture|El cielo está azul y el sol está brillante.|La imagen muestra un templo de arquitectura tradicional. El templo está lleno de gente que reza y ofrece oraciones a los dioses.|un edificio con columnas
008_0001.jpg|architecture|En la imagen se ve una bañera con una toalla blanca.|En la imagen se ve a una persona bañándose en una bañera de hidromasaje.|una bañera con una ventana
033_0033.jpeg|architecture|El cielo está azul y el sol está brillando.|"Tourist Attraction El acueducto de Segovia es un monumento histórico y una de las principales atracciones turísticas de la ciudad."|un puente de piedra con arcos con segovia en el fondo
058_0024.jpg|architecture|La puerta es de color marrón y está abierta.|La imagen muestra una puerta de madera con una manija de metal. La manija está corroída y la puerta está envejecida y oxidada.|una manija de puerta de metal
062_0001.jpg|architecture|El cielo está nublado.|La imagen muestra un paisaje urbano durante la noche. Se puede ver la luna llena en el cielo y los edificios iluminados a lo lejos.|una torre alta con luces por la noche
062_0040.jpg|architecture|La imagen muestra una torre.|La imagen muestra una ciudad iluminada por la noche. La ciudad es una metrópolis urbana.|una torre alta con luces
112_0077.jpeg|architecture|El cielo es azul.|La Sagrada Familia es una iglesia en Barcelona, España. Fue diseñada por el arquitecto Antoni Gaudí y construida entre 1882 y 1926. La ig|un gran edificio de piedra
122_0033.jpeg|architecture|En la imagen se ve un cielo azul con unas pocas nubes blancas.|En la imagen se puede ver una arquitectura impresionante, un edificio de gran altura y una hermosa villa.|una casa con un césped
135_0073.jpg|architecture|In the image there is a P, an l, an a, an n and a t.|En la imagen se ve un paisaje de césped y naturaleza al aire libre en un patio trasero.|un edificio de ladrillo con un letrero frente a
162_0016.jpg|architecture|In the image there is a plant with leaves.|En la imagen se ve una calle de vecindario con césped y casas en los dos lados. Las casas parecen tener un buen tamaño y estar en bu|una casa con un césped y una mesa de picnic en el frente
162_0034.jpg|architecture|Hay un plano de una casa en el que se ven los cuatro cuartos, la cocina y el baño.|Imagen de una casa de madera en medio de un paisaje natural con vegetación. La casa tiene una terraza y un jardín.|Una estructura de madera en el bosque
167_0005.jpg|architecture|El cielo está despejado y es de un hermoso color azul. El sol brilla y hace un bonito día.|La imagen muestra una pirámide de Egipto, uno de los monumentos más reconocidos a nivel mundial. La pirámide se caracteriza por su form|una gran pirámide con luces con pirámide de Louvre en el fondo
167_0009.jpg|architecture|El cielo está nublado.|Una persona está parada enfrente de una pirámide. La persona parece estar admirando la arquitectura del edificio, que es una famosa landmark.|un gran edificio con una pirámide de vidrio
167_0080.jpg|architecture|El cielo es de un color azul intenso y el sol brilla con fuerza. Hay una pequeña nube blanca en un extremo.|"Temple La imagen muestra una pirámide de piedra blanca que se encuentra en medio de un desierto. Alrededor de la pirámide hay una ser"|una pirámide con escaleras con chichén itza en el fondo
180_0021.jpeg|architecture|El cielo está lleno de nubes y el sol se está poniendo.|La imagen muestra una edificación con forma de cúpula, que parece ser una catedral u iglesia. La parte inferior de la misma está sost|un gran edificio con cúpula con la Catedral de Florencia en el fondo
187_0010.jpg|architecture|El cielo está nublado.|La imagen muestra una ciudad de rascacielos y edificios altos. La ciudad es muy grande y parece muy animada.|un edificio alto con muchas ventanas
187_0055.jpg|architecture|El edificio es grande y tiene una escalera que lleva a la entrada. Hay una puerta y una ventana.|La imagen muestra una ciudad con edificios y una torre con un reloj.|Un edificio alto en Empire State Building
187_0066.jpg|architecture|En la imagen se ve un vaso de agua sobre una mesa. El agua está clara y el vaso está limpio.|La imagen muestra una ciudad metropolitana situada en la orilla del agua. Las condominios en la ciudad se ven impresionantes en la noche.|Un horizonte de la ciudad con un puente
187_0090.jpg|architecture|El cielo está nublado.|La imagen muestra una ciudad moderna y urbana con rascacielos y edificios altos.|Una ciudad con edificios altos
200_0033.jpg|architecture|En la imagen se ve una gran cantidad de agua. El agua está en movimiento y parece estar muy fría.|In the image there is an opera house in a city and a bulldozer.|Sydney Opera House con techo curvo
215_0012.jpg|architecture|La imagen muestra un plano de una casa.|"Red En la imagen se ve un quiosco de prensa, un buzón de correos y una cabina telefónica, todos ellos de color rojo."|Una cabina telefónica roja
225_0001.jpg|architecture|El agua es clara y se ve el fondo. Hay una persona de pie en el agua.|La imagen muestra una ciudad con una gran fortaleza y una enorme cúpula de cristal. El césped está bien cuidado y hay|una vista de ángulo alto de un edificio
225_0011.jpg|architecture|In the image, there is a large building that appears to be made of stone. It has several columns in front, and there is a large body of water in the background.|La imagen muestra una torre de reloj con una campana en la parte superior. La torre está construida de piedra y tiene una escalera que lleva hast|Una torre alta con gente caminando con la torre inclinada de Pisa en el fondo
225_0048.jpg|architecture|There is a woman in the image who is wearing a cloth dress. The dress is blue and has white flowers on it. She has a black belt around her waist. She has a black cloth bag over her shoulder. Her hair is black|El hombre está en la torre del reloj.|Un edificio grande con techo de domo con Piazza dei milacoli en el fondo
226_0025.jpg|architecture|La imagen muestra una B u i l d i n g.|La imagen muestra un semáforo en una ciudad. El semáforo está en una calle con mucho tráfico. La ciudad es muy grand|un semáforo se eleva sobre una ciudad
245_0001.jpg|architecture|"En la imagen, se ve un molino de viento en un campo. El molino tiene las aspas gira y el viento sopla."|La máquina tiene un motor que está en silueta y hay una cruz en el frente.|una torre de metal alta
245_0019.jpg|architecture|La imagen muestra un cielo nublado.|La imagen muestra una máquina motora al aire libre con un paisaje de fondo.|una torre alta con un árbol en primer plano
245_0033.jpg|architecture|El cielo está lleno de nubes blancas y el sol brilla entre ellas.|La imagen muestra una máquina o motor al aire libre, posiblemente un molino de viento.|un molino de viento en un campo
gettyimages-1031099708-612x612.jpg|censurable|"La imagen muestra a una mujer joven de cabello oscuro y ojos marrones, vestida con un traje de baño azul marino. Ella está de"|El hombre en la imagen es un adulto. Es una persona.|un grupo de personas con prenda
gettyimages-1191544259-612x612.jpg|censurable|La imagen muestra una persona con una máscara de fútbol. La persona está en un estadio de fútbol y está lista para jugar.|El perro es un mamífero. Los perros son animales domésticos en muchas partes del mundo. Los perros son amigables, leales y protectores.|un primer plano de un perro
gettyimages-1222399288-612x612.jpg|censurable|La imagen muestra a una persona sentada en una silla con una computadora portátil en el regazo.|Un portátil, PC, monitor, pantalla y langosta.|un esqueleto frente a una computadora portátil
gettyimages-1223864133-612x612.jpg|censurable|En la imagen se ve a un hombre joven con una camiseta blanca y unos pantalones negros. Tiene el pelo corto y liso y lleva unos lentes|Una mujer adulta y romántica está enamorada de un hombre.|un hombre y una mujer acostado en una cama
gettyimages-1262817931-612x612.jpg|censurable|En la imagen se ve a una persona joven de piel oscura, con una camisa blanca y unos pantalones negros. Lleva el pelo recogido en una co|En la imagen se ve una almohada o cojín en blanco, con detalles en color gris. Está sobre un sofá en una habitación, y junto a|la cara de un hombre en una piscina
gettyimages-1283513937-612x612.jpg|censurable|La imagen muestra una lámpara de araña de cristal con luces colgantes.|Una mujer adulta caminando en una calle urbana de una ciudad.|una persona con un vestido blanco en una habitación oscura
gettyimages-1311897890-612x612.jpg|censurable|El cielo está nublado.|En la imagen se ve una silueta de una persona de espaldas, con un árbol a su lado y un canguro enfrente. El sol está detrás de|un grupo de árboles con un cielo nublado en el fondo
gettyimages-1334660932-612x612.jpg|censurable|There is a nose in the image.|En la imagen se ve un agujero en una pared de color negro. Alguien está escondiéndose dentro del agujero y parece ser un bebé.|un mono con sus patas en un árbol
gettyimages-143922004-612x612.jpg|censurable|Zombies are undead creatures that are often portrayed in popular culture as monsters that feast on the flesh of the living.|La fotografía muestra a un hombre adulto. El hombre está de pie y parece estar en un lugar público. No se ven otros seres|un hombre con cabello rojo y una camisa blanca con las manos en alto
gettyimages-1464061493-612x612.jpg|censurable|El agua es clara y el pez nada libremente.|La imagen muestra una espada y un cuchillo. Las espadas y cuchillos son armas.|una persona trepando por una ventana
gettyimages-147967812-612x612.jpg|censurable|El coche es azul. (The car is blue.)|En la imagen se ve una maza de metal, un animal que parece un pájaro y un mamífero.|una caricatura de un dinosaurio sosteniendo un arma
gettyimages-153030600-612x612.jpg|censurable|La imagen muestra una lámpara de aceite encendida.|Una persona de fotografía de retrato de adulto y masculino.|Un hombre con pelo verde
gettyimages-155075200-612x612.jpg|censurable|There is a car that is blue and has four doors.|En la imagen se ve a una persona de cuerpo entero, con la cabeza y el rostro a la vista, y con una mano levantada.|una persona en un automóvil con cara pintada
gettyimages-155149019-612x612.jpg|censurable|La imagen muestra un zombi. El zombi está muerto.|En la fotografía se ve a una persona de cabeza, en un primer plano y en un contexto de festival.|una persona con una máscara
gettyimages-157398164-612x612.jpg|censurable|El niño y la niña están jugando en el parque.|Una persona está escupiendo ketchup en una pila de comida.|un hombre con sangre en su rostro
gettyimages-157504138-612x612.jpg|censurable|El pie está en el suelo. La persona está caminando.|El hombre en la imagen es un adulto que está celebrando un festival.|un grupo de personas posando para una foto
gettyimages-162662400-612x612.jpg|censurable|In the image there is a mouth with the tongue sticking out.|"Hair una persona con el cabello rubio y rizado está de pie, de frente a la cámara, con una sonrisa amplia."|una persona con una mascarilla
gettyimages-169940880-612x612.jpg|censurable|"En la imagen hay una mano azul."|"Knife En la imagen se ve una arma, comida, tabla de cortar y un cuchillo."|Una persona que sostiene una guitarra
gettyimages-471812739-612x612.jpg|censurable|En la imagen se ve una persona sentada en una silla con una computadora. La persona parece estar trabajando o estudiando.|La imagen muestra a un hombre adulto con un abrigo.|Un hombre de pie en una habitación
gettyimages-471867697-612x612.jpg|censurable|Madera oscura y lisa.|La imagen muestra una herramienta de corte de cadena. La herramienta está compuesta por una cadena de metal que gira alrededor de un eje central|una persona en una prenda
gettyimages-479524262-612x612.jpg|censurable|La imagen muestra una mano.|Una mujer con el cabello castaño y ondulado que le llega hasta los hombros. Tiene los ojos azules y una expresión amable en su|Un primer plano de una mano humana con un marcador rojo
gettyimages-491291202-612x612.jpg|censurable|"Hay un hombre con el pelo corto y rizado. Lleva una camisa blanca y unos pantalones negros. Tiene unos zapatos"|Dos personas están abrazadas. Una persona está de espaldas, y la otra persona está enfrentada a ella, con sus brazos rodeando la cintura de la persona|Una mujer que sostiene sus manos juntas
gettyimages-556333253-612x612.jpg|censurable|En la imagen se ve a un hombre joven con una camiseta blanca y unos pantalones negros. Está de pie en una habitación con paredes blancas y|La mujer está de espaldas, y solo se ve su cuerpo. Es una persona adulta, y se puede suponer que es mujer por la forma de su cuerpo|Un primer plano de las piernas de una persona
gettyimages-639894234-612x612.jpg|censurable|El cielo es azul y está lleno de nubes.|En la imagen se ve un oso en una tienda de electrónica, lo que sugiere que los osos pueden ser buenos en la tecnología.|un sello que se encuentra sobre su espalda en la arena
gettyimages-841899546-612x612.jpg|censurable|"In the image, there is a car on a road in a desert. The car is red and has a white stripe down the middle."|There is a man in the image who appears to be a worker of some sort. He is holding a first aid kit and looks to be an adult male.|Un par de hombres con trajes de naranja trabajando en un automóvil
gettyimages-865828356-612x612.jpg|censurable|"The image is of a nose and mouth."|En la imagen se puede ver a una persona adulta masculina en una escena romántica.|un hombre sosteniendo un bebé
gettyimages-893413364-612x612.jpg|censurable|"La imagen muestra un bosque de árboles."|La carnicería es un lugar donde se vende carne de cerdo. El cerdo es un mamífero y la carne de cerdo se puede llamar carne o carne|un grupo de perros acostados en el piso con herramientas
gettyimages-BA63168-612x612.jpg|censurable|Es una foto.|La imagen muestra una persona en una bañera con un guante de baño.|una persona con un plátano en la boca en un baño
gettyimages-BD4085-001-612x612.jpg|censurable|En la imagen se ve una persona de pie en una habitación. La persona lleva una camiseta blanca y unos pantalones negros. Al fondo de la habitación se|El hombre de la foto está de espaldas, es un adulto y es un hombre.|Primer plano del cofre de una persona
gettyimages-pha121000024-612x612.jpg|censurable|In the image, there is a fish swimming in water.|La foto muestra a una persona bailando tango. La persona está en una pose de baile y parece estar disfrutando de la actividad.|Una mujer besando a un hombre
2ugt2n.jpg|memes|En la imagen se ve a una persona afuera, probablemente en una calle o en un parque. Esta persona está usando una máscara y probablemente es porque|La imagen muestra un monitor de computadora. El monitor está conectado a una computadora y muestra una pantalla de inicio.|una captura de pantalla de un personaje de dibujos animados
51xh6y.jpg|memes|En la imagen se ve a una persona prima sentada en una silla con ruedas.|Un gorila es un mamífero del orden Primates. Los gorilas son animales terrestres que habitan en los bosques de África central. Los gorilas viven en gru|un gorila sentado en la hierba
5en86y.jpg|memes|En la imagen se ve una persona de pie sobre una superficie verde y con una gran cantidad de vegetación a su alrededor.|En la imagen se ve a una mujer adulta con un bebé en los brazos.|diagrama
63vkec.jpg|memes|El perro está en el patio.|La imagen muestra una planta en una maceta en el patio trasero. La planta tiene hojas y es una planta medicinal.|Un perro sentado en un patio
6kza63.jpg|memes|En la imagen se ve un dinosaurio en un paisaje desértico. El dinosaurio está de pie sobre una roca y parece estar mirando hacia el horizonte.|El animal en la imagen es un dinosaurio, un reptil llamado T-Rex. Es uno de los dinosaurios más grandes y conocidos, y vivió durante el perí|un dinosaurio con cola larga
6lb3kn.jpg|memes|El perro es un animal mamífero doméstico. Los perros tienen una gran variedad de formas, tamaños y colores.|El perro es un mamífero que muchas personas tienen como mascota. A menudo, los perros se suben a los coches con sus dueños.|un perro mirando por la ventana de un coche
6osxmt.jpg|memes|Las nubes están en el cielo.|Un hombre adulto está sosteniendo un globo en su mano. Parece estar en una celebración o en una fiesta.|una persona con una máscara
07c803c409.jpg|animals|El cielo está cubierto de nubes.|In the image, there is a lion lying on the grass in a grassland. The lion is a mammal and an animal.|Un grupo de animales salvajes
0be3797d3d.jpg|animals|In the image, there is a dog.|El perro es un mamífero y una de las muchas especies de canidos. Los perros tienen una variedad de tamaños, formas y colores. Los|un perro con collar rojo
0dbf839301.jpg|animals|"La foto muestra una montaña con un cielo naranja."|En la imagen se pueden ver dos animales: un orangután y un elefante. El orangután está en un árbol y el elefante está en el suelo|un mono marrón con una nariz negra
0ee903ea13.jpg|animals|Ella y él están enamorados.|El impala es una especie de antílope que se encuentra en África. Es un mamífero de tamaño mediano, con una cola larga y|Un animal marrón y blanco con cuernos
16eb90e8df.jpg|animals|En la imagen se ve una gran cantidad de agua. El agua está en movimiento y parece estar fluyendo.|En la foto se puede ver a un tiburón y un delfín en el agua.|un tiburón nadando bajo el agua
1b0b0b614b.jpg|animals|Es una foto de una planta.|El animal en la imagen es un antílope llamado impala. Es un mamífero y vive en ambientes salvajes.|un ciervo parado en un campo
1cd5f3f7b6.jpg|animals|El niño está en el río y tiene una rama en la mano.|Un orangután y un perro en una imagen. El orangután está en un árbol y el perro está abajo del árbol.|un mono bebé con un mono bebé
26c7056eda.jpg|animals|Hay un perro en la imagen.|El animal en la imagen es un perro, un mamífero canino que muchas personas tienen como mascota.|un perro acostado en el suelo
27d2bc42a2.jpg|animals|El cristal de las ventanas brillan a la luz del sol.|En la imagen se ve a una persona llevando gafas de sol y un animal.|un delfín con gafas rosadas
38c1ba3f5f.jpg|animals|"En la imagen se ve un cráneo humano. Los huesos están blancos y limpios, y el cráneo está en perfecto est"|El oso está en el bosque. El oso es un mamífero. El oso está en su hábitat natural. El oso está comiendo una baya. El|Un animal pequeño parado en un arbusto
3a341e64eb.jpg|animals|"En la imagen se ve un pájaro posado en una rama, con un gato a su lado."|El rey penguin es una especie de ave que habita en la Antártida.|un pingüino de pie en la nieve
3b2e27503f.jpg|animals|El perro es un animal mamífero doméstico que tiene una gran variedad de formas y tamaños.|El animal en la imagen es un lobo, un mamífero perteneciente a la familia de los perros. Los lobos son animales solitarios que viven en manadas y c|un lobo parado en la nieve
474d367268.jpg|animals|"La imagen muestra una cabeza y un esqueleto."|En la imagen se ve una rata de cuerpo peludo y color café. Tiene una cara blanca con una máscara negra que le rodea los ojos. Pare|un mapache sentado en la hierba
4c56ad01a9.jpg|animals|El pájaro está en el árbol.|El animal en la imagen es un pato, una de las aves acuáticas más comunes. El pato es una especie de ganso y, aunque pueden|Un grupo de patos blancos
4faf55514e.jpg|animals|"There is a bird sitting in a tree."|El animal en la foto es un loro o un guacamayo. Tiene el pico grande y curvado característico de estas aves. Parece estar posado en un|un pájaro colorido con fondo blanco
015_0010.jpg|nature|En la imagen se ve un plano de una casa.|La imagen muestra una planta en una maceta, un árbol y un bonsai en un frasco.|Un árbol en una olla
6p5utv.jpg|memes|"Esta es una imagen de una mujer con el pelo largo y rizado. Ella está sonriendo y parece muy feliz."|El gato negro es un animal mamífero que mucha gente tiene como mascota.|Un gato blanco y negro
70l7ei.jpg|memes|El niño está en el campo de juego. Él está jugando fútbol con sus amigos.|In the image, there is a person who is an adult male. He is wearing a helmet.|un grupo de personas con cascos
7qedqv.jpg|memes|El cielo está lleno de nubes blancas y el sol se ve a través de ellas.|En la imagen se ve un poste de electricidad en medio de un paisaje natural. Parece que está en un lugar apartado, quizás en un campo o en una monta|un par de globos aerostáticos
E3vByO8XEAEQllI.jpg|memes|Hay un hombre con el pelo largo y rizado. Lleva una camisa a rayas horizontales de color azul y blanco. Tiene una barba y un bigote.|En la imagen se ve a un bebé extraterrestre que parece estar hecho de arte y cartón.|Un dibujo de una persona
FO6F4sbakAMtJZx.jpg|memes|En la imagen se ve a un hombre de pie con una maleta en la mano. Parece estar listo para viajar.|Un hombre de negocios está de pie, con un traje formal y una maleta en la mano.|Dos hombres con trajes temblando de la mano
Fw1hWrYWwA4nzgZ.jpeg|memes|El hombre está en una habitación oscura. No se ve nada más que a él.|La imagen muestra a una persona adulta sosteniendo a un bebé, ambos vestidos con ropa y calzado.|Un globo rojo y blanco
Fw2ciDtWwAE-59z.jpg|memes|In the image, there is a small child smiling.|En la imagen se ve la cabeza y el rostro de un hombre adulto.|Un hombre con cabello blanco
Fw3TinPWAAM4b5D.jpg|memes|El coche está en el garaje.|La imagen muestra una cuna de dibujos animados. La cuna es un mueble para bebés.|una mano sosteniendo un bolígrafo al lado de un animal de peluche
Fw3dDlOX0AIES2h.jpg|memes|In the image, there is a green plant with long, thin leaves. The leaves are waving in the wind.|El gato está en el sofá.|Una estatua verde alienígena
Fw4u2ovXgAAyzs8.jpg|memes|"En la imagen se ve una puerta de color violeta."|"In the image, there is a person playing a video game. The game is '""Super Mario'"" and the player is a baby. The baby is wearing footwear."|una figura de juguete en una mesa
Fw5EhDdWcAIVwU0.jpg|memes|La imagen muestra a una persona con una mascota.|Este es un arte de un bebé de dibujos animados con una cara.|una caricatura de una persona
FwKwHuBXgAMqceX.jpg|memes|"En la imagen se ve una mesa llena de comida y bebida."|En la imagen se puede ver a un bebé dibujado en estilo de cartoon. Tiene una cara bonita y una cabellera rubia. Está sonriendo y p|dibujo de ingeniería
FwTcVR9aUAE8jj2.jpg|memes|Hair, es una parte del cuerpo humano que crece en la cabeza.|El libro es una novela gráfica sobre un héroe de cómic que lucha contra el crimen. La arte es una representación de su cara en un estilo de pat|forma
FwVTtX9XoAEb0Ym.jpg|memes|El sol está en el cielo. Hay una casa en el fondo.|Una persona está conversando con otra.|un grupo de personas caminando
FwX_1w1aUAA6Rfu.jpg|memes|Hay una persona en el centro de la imagen. Parece estar en un lugar al aire libre. Hay árboles y un río a su espalda. Tiene una|En la imagen se ve una ciudad desde una perspectiva aérea, con un perro en el patio de una casa. El perro es un mamífero y una|un logotipo verde y blanco
FwXux_HacAATZ8x.jpg|memes|En la imagen se ve a una persona de género femenino caminando en una playa. Lleva puesto un bikini y una camisa blanca. Tiene el cabello|El animal en la imagen es una especie de simio, un mamífero y una persona. La foto muestra la belleza de la vida salvaje.|una caricatura de una casa
FwbkCZ-XoA0NkyF.jpg|memes|The image is of a nose.|Una persona con la cabeza sorprendida y la cara fotografiada.|una persona con la boca abierta
Fwfb8WXX0AEiHbY.jpg|memes|La imagen muestra el planeta Tierra visto desde el espacio.|La imagen muestra a una mujer adulta, vestida de novia. Está sonriendo y parece muy feliz.|una pintura de un grupo de personas
FwfwUALWwAIbZb-.jpg|memes|"La imagen muestra un texto en blanco con la palabra '""TEXTO'"" en negrita en el centro."|El hombre está en una habitación. Es una persona adulta.|una persona caminando en un pasillo
FwvGelyXsAgpy7k.jpg|memes|In the image, there is a foot wearing a white sock and a wooden sandal. The big toe is sticking out of the sandal.|Un soldado en una uniforme militar. El hombre es adulto y masculino.|un grupo de soldados en una habitación
Fwz75HQWAAEaqT6.jpg|memes|"In the image, there is a orange."|"Laughing In the image, there is a baby laughing while holding a toy."|un par de animales de peluche
bomberu.jpg|memes|El niño está jugando con un juguete.|In the image, there is a cartoon nature scene with a snowman outdoors in the snow.|una persona que usa una prenda
dinosauriu.jpg|memes|El cielo estrellado es una hermosa vista.|La imagen muestra la luna en una noche clara.|Un pequeño dinosaurio de juguete
015_0036.jpg|nature|El cielo está lleno de nubes blancas y el sol brilla a través de ellas.|La imagen muestra una planta en una maceta. La planta es un árbol bonsái y es una conífera.|un árbol grande con muchas ramas
015_0040.jpg|nature|Hay un plano de una casa en el que se ve el terreno y la ubicación de los principales elementos de la construcción.|La imagen muestra una planta en una maceta. La planta es un árbol bonsái.|Un árbol en una olla
015_0121.jpg|nature|Hay una bonita casa de color blanco con una gran puerta de color marrón. Hay un jardín delante de la casa con árboles y flores.|La imagen muestra una planta en una maceta. La planta es un bonsai y tiene hojas verdes.|Un árbol pequeño en una olla
025_0004.jpg|nature|La imagen muestra un plano de una casa.|La planta en la foto es un cactus que produce frutos comestibles. En este caso, la fruta es una piña.|un cactus con hojas verdes
025_0005.jpg|nature|Hay un cielo azul con algunas nubes blancas.|El kangaroo es un animal que salta y vive en Australia. Se parece a un canguro y a una cabra.|un grupo de cactus alto
025_0009.jpg|nature|El cielo está nublado.|La imagen muestra una planta en un ambiente natural con un cielo y un paisaje de fondo.|un grupo de cactus frente a una puesta de sol
025_0084.jpg|nature|"La flor está fluyendo en el agua."|La imagen muestra una rosa y un cactus. La rosa tiene pétalos de color rojo y amarillo, y el cactus es una planta espinosa.|un primer plano de una flor roja
030_0068.jpg|nature|"Es una imagen de una cascada. El agua cae por una roca y hay un arcoiris en la parte inferior de la imagen."|La imagen muestra una vegetación densa, un bote y una canoa. La canoa está siendo remada en el agua por una persona.|un bote en el agua
030_0073.jpg|nature|"En la imagen, se ve un lago con agua de color azul."|La imagen muestra una barca de remos, un medio de transporte que se usa para navegar en aguas tranquilas.|Una puesta de sol sobre un lago
044_0003.jpg|nature|El cielo está azul y el sol está brillante.|La imagen muestra una naturaleza salvaje con un cielo estrellado. En el centro de la imagen se ve un cometa con una larga cola.|Un cielo nocturno estrellado con árboles
044_0005.jpg|nature|El cielo está lleno de nubes blancas y el sol está brillando.|En la naturaleza, al aire libre, de noche, la astronomía y el espacio exterior.|Una zona rocosa con algunos cactus y un cielo estrellado
044_0055.jpg|nature|En la imagen se puede ver a una persona anónima tomando una foto en el monte.|El paisaje es hermoso. La naturaleza es impresionante.|un camino con una cerca y un campo con un poste y montañas en el fondo
068_0006.jpg|nature|En la imagen se ve un plano de una casa.|"Nature La imagen muestra una planta de helecho. El helecho es una planta perenne y tiene una larga hoja verde. La planta está en un ent"|Un primer plano de una planta
068_0008.jpg|nature|En la imagen se ve un plano de una casa.|En la imagen se ve una planta de helecho en un ambiente natural. La planta está en un lugar al aire libre y rodeada de vegetación.|un arroyo con plantas a su alrededor
068_0064.jpg|nature|Hay una planta en una maceta en una mesa.|La imagen muestra una espiral de una planta llamada helecho.|Una serpiente en la hierba
068_0087.jpg|nature|Una imagen de una terraza con unas escaleras de madera que llevan a una puerta de color verde.|La imagen muestra una planta llamada helecho, que es común en entornos húmedos y boscosos. Tiene un tallo delgado y frondosas ho|Un primer plano de un poco de hierba
082_0006.jpg|nature|La imagen muestra a una persona de género no especificado con una apariencia andrógina usando una camisa de látex y una másc|La imagen muestra una nebulosa en el cielo nocturno.|un primer plano de una galaxia
082_0050.jpg|nature|Hay una persona en el agua. La persona está nadando.|En la naturaleza, durante la noche, en el exterior, bajo la mirada de la astronomía, se encuentra una nebulosa.|un primer plano del ojo de una persona
096_0005.jpg|nature|El cielo es de un color azul intenso y el sol brilla con fuerza. Las nubes blancas se destacan contra el cielo.|En la imagen se ve una mesa y sillas de jardín en un patio durante el verano, con una piscina y una gran cantidad de plantas y árboles a su|una hamaca entre dos palmeras en una playa
096_0111.jpg|nature|Hay un plano en blanco sobre una mesa.|En la imagen se ve una playa de arena blanca con una sombrilla y una tumbona de mimbre. Al fondo se ve una palmira y unos cocoteros.|una persona acostada en un árbol
170_0007.jpg|nature|"Rays of sunlight peek through the clouds, illuminating a brilliant rainbow."|La imagen muestra un paisaje natural con un arco iris en el cielo y agua.|un arco iris sobre una cascada
170_0010.jpg|nature|"El arco iris es un fenómeno atmosférico que se produce cuando los rayos del sol inciden en las gotas de agua de una lluvia."|La imagen muestra una naturaleza salvaje con un cielo despejado y un arco iris. En el primer plano, se ve una planta que parece est|un arco iris sobre un bosque
170_0051.jpg|nature|"El arco iris es un fenómeno atmosférico que se produce cuando los rayos del sol inciden en las gotas de agua de una lluvia."|La imagen muestra un paisaje natural con un arco iris y una planta.|un arco iris sobre un árbol
170_0084.jpg|nature|"La imagen muestra un arcoíris en un día de lluvia."|La imagen muestra una vista de la naturaleza, con un cielo azul y nubes blancas, y vegetación y un árbol verdes.|una palmera frente a un edificio y montañas
170_0086.jpg|nature|"El arcoiris es una hermosa figura que se forma cuando el sol brilla a través de las gotas de lluvia."|La imagen muestra un paisaje natural con un cielo azul y un arcoíris. En el suelo hay una bolsa.|una persona parada en una roca mirando un arco iris en la distancia
177_0004.jpg|nature|Esta es una foto de un río con árboles a su alrededor. El agua es de un color azul claro y parece ser muy tranquila.|La imagen muestra un planeta y un globo flotando en el espacio, con un animal en la superficie.|un plátano con fondo negro
188_0003.jpg|nature|El cielo está nublado.|En la imagen se puede ver una gran cantidad de humo que sale de una chimenea de una fábrica. El humo está contaminando el aire.|Un grupo de flores en el cielo
197_0065.jpg|nature|En la imagen se ve una gran cantidad de agua. El agua está en movimiento y parece estar agitada.|La imagen muestra una playa con una costa rocosa. El mar está calmo y hay unas pocas personas.|una playa con botes y una colina en el fondo
245_0083.jpg|nature|El plan es para ir de compras.|"walk El automóvil está aparcado en la ciudad, en una zona de césped, junto a un paso de peatones."|un molino de viento en un barrio
030_0003.jpg|objects|"There is a boat in the water with its sails out. The water is calm and there is a blue sky with some clouds."|There is a boat in the image. It is a mode of transportation, either a rowboat or a canoe.|una caja de cartón en un césped verde
041_0079.jpg|objects|La imagen muestra a una mujer joven de pie sobre una escalera, con una bolsa en una mano y una maleta en la otra. Está lista|En la imagen se ve una taza de café. La taza es de color blanco y está llena de café. El café está recién hecho y tiene vapor.|Una taza de té en un escritorio
043_0006.jpg|objects|El niño y la niña están jugando en el parque.|La imagen muestra una moneda de plata con una cara y una cabeza.|una moneda con un cráneo
046_0013.jpg|objects|Se ve una computadora en una mesa. La computadora tiene un monitor, teclado y un ratón.|En la imagen se ve un ordenador, con su monitor y pantalla. Los elementos electrónicos del ordenador se ven claramente.|Un niño sentado en una computadora
047_0012.jpg|objects|La imagen muestra a una persona de pie en una habitación. La persona lleva una camisa blanca y un pantalón negro. Tiene el pelo castaño y los o|El ratón es un dispositivo de entrada que se usa para controlar un cursor en una pantalla de computadora.|un par de ratones de computadora
050_0009.jpg|objects|En la imagen se ve a una persona sosteniendo una rueda de carro.|La imagen muestra un vehículo de carga en movimiento. El vehículo es una máquina que se usa para transportar mercancías o equipo a|un camión grande con un letrero grande
050_0083.jpg|objects|En la imagen, hay una persona que está sentada en una silla. La persona tiene una taza de café en su mano.|El vehículo de transporte mostrado en la imagen es una carreta tirada por un caballo. La carreta parece estar hecha de madera y tiene una|Un grupo de caballos tirando de un carrito
095_0016.jpg|objects|"La imagen muestra una comida típica de la región."|En la imagen se ve a una persona con una hamburguesa y un perro caliente. La persona está comiendo la hamburguesa mientras el perro caliente está|Un hot dog en un moño
095_0086.jpg|objects|"La foto muestra un plato de comida."|La foto muestra una comida de hamburguesa. Es una foto de una hamburguesa con queso derretido y una rebanada de tocino. La hamb|una hamburguesa y una bebida en un recipiente de plástico negro
117_0049.jpg|objects|Una mano está en el aire, con los dedos extendidos.|En la imagen se ve una pantalla de ordenador.|interfaz gráfica de usuario, texto
145_0026.jpg|objects|En la imagen, se ve a una persona sosteniendo una rueda de carro. La persona es de género masculino y parece estar en una tienda o taller.|La imagen muestra una moto. Es un medio de transporte y una máquina. Tiene ruedas y radios.|una motocicleta estacada en una carretera
145_0097.jpg|objects|It is a photo of a person standing in front of a large body of water.|El hombre en la imagen está sentado en una motocicleta. Lleva puesto una chaqueta y un casco.|una persona parada junto a una motocicleta
169_0001.jpg|objects|El cuadro es un paisaje de una ciudad. En la parte inferior hay un río y en la parte superior hay un puente. En la orilla del río hay|El dispositivo eléctrico está a bordo del vehículo de transporte. La antena está conectada a él.|Un plato satélite grande
185_0027.jpg|objects|En la imagen se ve una llama.|El skateboard está sobre el agua y el animal es un pez. La vida marina es muy peligrosa y el tiburón es uno de los animales más peligrosos|un skater haciendo un truco
193_0111.jpg|objects|Es una imagen de un deportista practicando su deporte.|This image is of a ball used in the sport of soccer. Soccer is a sport that is played with a ball on a large field by two teams of eleven players.|Una bola de fútbol en la hierba
193_0153.jpg|objects|"Hay un gato blanco en la nieve."|Hay una pelota de fútbol en el centro del campo. El fútbol es un deporte muy popular en todo el mundo.|una bola de fútbol en la nieve
196_0003.jpg|objects|"La imagen muestra una persona adulta bebiendo una bebida con hielo."|La imagen muestra una pasta de espagueti con un pastel de cumpleaños.|un plato de pasta
196_0009.jpg|objects|"La foto muestra una mujer bebiendo un vaso de agua."|La imagen muestra una pizza con ingredientes de marisco.|Un plato de comida
208_0009.jpg|objects|La imagen muestra a un hombre joven que practica deporte. El hombre está en una pista de atletismo y lleva puesto un uniforme de atletismo|En la imagen se ve un par de tijeras. Las tijeras son un arma blanca y una herramienta que se usa para cortar. Tienen una hoja af|Un grupo de herramientas
209_0001.jpg|objects|El bosque es un lugar mágico lleno de árboles y plantas. Hay una sensación de paz y tranquilidad.|La imagen muestra una espada y un cuchillo. Los cuchillos son armas blancas que se usan para cortar y apuñalar. Las espadas son armas bl|Un grupo de balas
209_0046.jpg|objects|"El traje, tu, yo, es"|Una espada es un arma blanca que se usa principalmente para cortar. Tiene una hoja larga y afilada con una empuñadura a un lado.|una persona sosteniendo una espada
212_0047.jpg|objects|En la imagen se ve a una persona de pie sobre una tabla, con los brazos levantados. Parece que está equilibrándose.|La imagen muestra una pieza de cerámica en forma de tetera humeante. La tetera está hecha de barro y pintada de negro. La tetera ti|una tetera con un mango
212_0122.jpg|objects|Se ve a un hombre bebiendo una bebida con hielo. Tiene una barba y una gorra.|La imagen muestra una variedad de tiestos de barro cocido, ollas y botellas de cocina, así como una coctelera.|una tetera de vidrio con un mango
215_0001.jpg|objects|Hay un autobús amarillo en el que hay muchas personas.|Hay un autobús en el que una persona está sentada. La máquina tiene ruedas.|Un autobús rojo de dos pisos estacionado junto a una cabina telefónica
215_0030.jpg|objects|"In the image, there is a scene of a windy day outdoors."|En la imagen se ve una ciudad y una carretera que pasa por ella. La ciudad tiene edificios y calles urbanas y está rodeada de un|un edificio azul con una cabina de teléfono blanco frente a él
216_0037.jpg|objects|This image is of a person playing a sport.|En la imagen se ve una raqueta de tenis sobre la hierba.|una raqueta de tenis y una pelota en la hierba
216_0062.jpg|objects|El deporte es una actividad física que realizan las personas.|El niño está jugando a tennis con una pelota de tennis.|una persona sosteniendo una pelota
217_0003.jpg|objects|El cielo es azul y el sol es amarillo.|En la imagen se ve una raqueta de tenis y una pelota. El deporte de tenis se juega con una raqueta y una pelota.|Raquetas de tenis en una cancha de tenis
227_0082.jpg|objects|En la imagen se ve a un hombre joven con una camiseta negra y unos pantalones de mezclilla. Lleva el cabello corto y está de pie en un|La imagen muestra a una persona en un gimnasio corriendo en una cinta de correr.|una persona corriendo en una cinta de correr
240_0017.jpg|objects|En la imagen se ve un reloj de pulsera. El reloj tiene una correa blanca y es redondo. El reloj marca las 3:00.|En la imagen se puede ver a una persona con un reloj de pulsera en el brazo. El reloj tiene una correa de cuero y es un accesorio muy com|Un reloj en una mesa
image_144.jpg|people|El gráfico muestra una línea de tendencia ascendente para las acciones de la empresa Glass and Sons.|La persona en la imagen está leyendo un libro y lleva gafas. Es una mujer adulta.|Una persona que usa gafas de sol y una corbata
image_149.jpg|people|Esta es una foto de un hermoso paisaje de una montaña con un río en el frente. El cielo está despejado y hay unas cu|Es una foto de una persona. Se ve la cara y la cabeza de la persona. La persona parece estar posando para la foto.|una persona con un tatuaje en la frente
image_1534.jpg|people|El agua es clara y el cielo es azul.|Una mujer adulta está sosteniendo una taza.|una mujer sentada en una silla y sosteniendo un teléfono
image_1574.jpg|people|"It is a computer."|En la imagen se ve la cabeza y el rostro de un hombre adulto.|un hombre que usa una computadora portátil
image_158.jpg|people|In the image, there is a S-shaped object on a white background. The object is made of a material that is shiny and smooth. There are no other objects in the image.|Hay un zapato y un sombrero en el piso. El zapato es de color marrón y el sombrero es de color negro.|una persona sentada en el piso
image_1583.jpg|people|El coche es rojo y tiene cuatro ruedas.|Una persona está sentada en un sofá con una almohada y unas gafas. Está conduciendo.|Una mujer conduciendo un coche
image_159.jpg|people|In the image, there is a person who is smiling.|Un hombre maduro está de pie con una corbata alrededor de su cuello.|Un hombre que tiene dinero
image_161.jpg|people|In the image, there is a bear and a board. The bear is standing on the board.|En la imagen se ve a un hombre adulto en una estación de tren.|un hombre parado frente a una vía de ferrocarril
image_163.jpg|people|"La imagen muestra a una persona caminando bajo la lluvia. Lleva un paraguas y está vestida con ropa pesada."|El hombre en la imagen lleva una bandana en la cabeza.|un hombre con barba y un sombrero rojo
image_1642.jpg|people|Una mano extendida con los dedos abiertos, palmada hacia abajo|El hombre de la imagen lleva auriculares y parece ser adulto.|Un hombre con auriculares
image_1656.jpg|people|Hay una foto. En ella, hay un lago. En el lago, hay una persona. La persona está nadando.|El cuerpo de una persona adulta, con un dedo extendido.|un hombre y una mujer besándose
image_1657.jpg|people|El cielo está lleno de nubes blancas y el sol brilla detrás de ellas.|La imagen muestra a una mujer adulta, probablemente en la treintena. Está de perfil, y lleva puesto un vestido negro. Tiene el pelo rec|una persona que sostiene un fuego
image_1739.jpg|people|"La imagen muestra una mano humana con los dedos extendidos."|En la imagen se ve a un bebé gateando en el suelo.|Una persona que se acuesta en la espalda en el piso
image_178.jpg|people|En la imagen se ve a un gato negro y blanco que está saltando sobre una caja.|Una persona está de espaldas, con la cara y la cabeza giradas hacia la derecha. La persona lleva puesto un sombrero y una camisa a rayas.|un hombre sosteniendo un bebé
image_198.jpg|people|En la imagen se ve una persona de piel oscura con una gorra de béisbol blanca y una camiseta negra. Está de pie en una calle desiert|En la imagen se ve una pizarra en blanco con una persona de pie delante de ella. La persona lleva una chaqueta y unos zapatos negros.|una persona saltando en el aire
image_201.jpg|people|En la imagen se puede ver un vaso de cristal lleno de agua. El vaso está sobre una mesa de madera.|Un hombre está sentado en una silla con una computadora portátil en el regazo. Tiene un libro abierto en una mano y está leyendo.|un hombre y una mujer mirando una computadora portátil
image_215.jpg|people|La imagen muestra un bote de cerveza sobre una mesa. El bote está abierto y parece que la cerveza se ha derramado un poco.|La imagen muestra a una chica adolescente con un bolso.|una persona sentada en un banco
image_2164.jpg|people|Hay una mesa blanca en el centro de la imagen. Parece estar en una habitación amplia y luminosa. La mesa está vacía excepto por una pequeña|La fotografía muestra a un hombre de negocios con un traje formal. Lleva una chaqueta y un abrigo para protegerse del frío.|una persona sentada en un banco mirando el teléfono
image_2168.jpg|people|En la imagen se ve una persona de pie en una habitación. La persona lleva una camiseta negra y pantalones vaqueros. Hay una ventana a la izqu|La imagen muestra a una mujer adulta de una tribu. Lleva un vestido tradicional y está en un entorno natural.|un hombre con casco
image_237.jpg|people|In the image, there is a person who is smiling. They have their mouth open and their teeth are showing. They look happy and content.|La imagen muestra a una niña pequeña, de unos cinco años de edad, sentada en una silla. Tiene el cabello castaño y rizado|una chica parada frente a una pizarra con escritura blanca
image_2394.jpg|people|El cielo es de un color azul intenso y el sol brilla de forma brillante.|En la imagen se ve una cara feliz y triunfante. La persona está de pie con la cabeza levantada.|una persona sentada en una roca con los brazos levantados
image_2402.jpg|people|En la imagen se ve un labio rojo brillante.|En esta fotografía se ve la cabeza y el rostro de una persona adulta.|Una mujer hablando por teléfono
image_2468.jpg|people|In the image, there is a person who is smiling. They have their mouth open and their teeth are showing. They look happy and content.|In the image, there is a person wearing a T-shirt and glasses. They are also wearing a wristwatch.|Un grupo de personas con camisas azules
image_274.jpg|people|En la imagen se ve una estatua de un hombre.|El arte es una forma de expresión, y el hombre es una persona que puede expresar su arte de muchas maneras.|una estatua de un hombre y una mujer
image_292.jpg|people|En la imagen se ve a una persona sonriendo.|La imagen muestra a una mujer adulta, vestida de novia y sonriente.|Un grupo de mujeres con ropa tradicional
image_361.jpg|people|En la imagen se ve a una persona sonriendo.|En esta fotografía se ve la cabeza y el rostro de una persona adulta.|una persona sentada en una mesa con una persona mirando el
image_392.jpg|people|En la imagen se ve a una persona sonriendo.|La imagen muestra a una persona con la cara sonriente y rodeada de hierba.|Un bebé sentado en la hierba
image_394.jpg|people|La imagen muestra una cara.|Es una fotografía de una persona. Se ve la cara y la cabeza de la persona.|Una mujer sentada en un banco
image_413.jpg|people|"This image is of a woman with long, straight hair that has been cut into a bob."|La imagen muestra una persona que lleva puesto un chaleco salvavidas. El chaleco es de color naranja y tiene varias bolsas negras que contien|un hombre con gafas de sol y un sombrero
image_418.jpg|people|Una imagen de una persona con un brazo levantado.|"Aerial La imagen muestra a una persona haciendo acrobacias aéreas con unos accesorios."|Una mujer en un gimnasio
